,A T & T INC,ALPHABET INC,ALTRIA GROUP INC,AMERICAN INTERNATIONAL GROUP INC,APPLE INC,BANK OF AMERICA CORP,BERKSHIRE HATHAWAY INC DEL,CHEVRON CORP NEW,CISCO SYSTEMS INC,CITIGROUP INC,COCA COLA CO,EXXON MOBIL CORP,GENERAL ELECTRIC CO,INTEL CORP,INTERNATIONAL BUSINESS MACHS COR,JOHNSON & JOHNSON,MICROSOFT CORP,PFIZER INC,PROCTER & GAMBLE CO,WALMART INC
2008-01-31,-0.064244,-0.183924,0.002779,-0.057118,-0.31664,0.070044,-0.039548,-0.108004,-0.094936,-0.032269,-0.038618,-0.07781,-0.046129,-0.208552,-0.009158,-0.053373,-0.08427,0.027717,-0.104195,0.067536
2008-02-29,-0.09509,-0.165019,-0.034965,-0.147535,-0.076389,-0.099887,0.029412,0.047928,-0.00449,-0.158324,-0.009153,0.011111,-0.054016,-0.047517,0.066754,-0.012116,-0.162273,-0.032534,0.011617,-0.022665
2008-03-31,0.099627,-0.065177,0.005332,-0.07277,0.147816,-0.029945,-0.047143,-0.015001,-0.0123,-0.096584,0.047725,-0.027928,0.116777,0.060596,0.011242,0.046966,0.043386,-0.060592,0.058779,0.0671
2008-04-30,0.021149,0.303812,-0.099099,0.068208,0.212195,-0.00976,0.003373,0.126406,0.064342,0.179739,-0.032857,0.100378,-0.116455,0.050991,0.048289,0.034222,0.004933,-0.039178,-0.037391,0.100607
2008-05-30,0.030741,0.020042,0.113,-0.220779,0.085082,-0.094033,0.005977,0.037962,0.042122,-0.121092,-0.027348,-0.042011,-0.060551,0.047619,0.076471,0.00164,-0.003156,-0.021382,-0.014914,-4.3e-05
2008-06-30,-0.155639,-0.101366,-0.063342,-0.259444,-0.112901,-0.27933,-0.103231,-0.000202,-0.129491,-0.234354,-0.085575,-0.007098,-0.121094,-0.073339,-0.084215,-0.03596,-0.028602,-0.097624,-0.079334,-0.026671
2008-07-31,-0.073612,-0.100053,-0.010214,-0.015495,-0.050705,0.378299,-0.052174,-0.146979,-0.0546,0.134248,-0.009234,-0.087371,0.059948,0.033054,0.079727,0.06419,-0.065067,0.068689,0.083374,0.04306
2008-08-29,0.038299,-0.022079,0.033415,-0.175048,0.066562,-0.053496,0.018785,0.0285,0.093679,0.016051,0.011068,-0.000249,-0.006716,0.036954,-0.044929,0.035344,0.065319,0.040707,0.065516,0.011728
2008-09-30,-0.127227,-0.135488,-0.041369,-0.834807,-0.329558,0.144509,0.120069,-0.044486,-0.061954,0.080042,0.022854,-0.029371,-0.081495,-0.181023,-0.039185,-0.016328,-0.021986,-0.03506,-0.001147,0.013882
2008-10-31,-0.026862,-0.102766,-0.032762,-0.426426,-0.053405,-0.309429,-0.115697,-0.095538,-0.212323,-0.32667,-0.166793,-0.045583,-0.234902,-0.1441,-0.205113,-0.114607,-0.163357,-0.039588,-0.068159,-0.068125
2008-11-28,0.066866,-0.184773,-0.162064,0.052356,-0.138675,-0.327679,-0.099489,0.067828,-0.069218,-0.392674,0.072401,0.086751,-0.119939,-0.130435,-0.116919,-0.037496,-0.08867,-0.054207,-0.002944,0.001254
2008-12-31,-0.002101,0.050143,-0.043532,-0.218905,-0.07899,-0.113846,-0.071154,-0.063789,-0.01451,-0.190591,-0.034137,-0.003993,-0.038439,0.062319,0.031373,0.021338,-0.038576,0.077906,-0.039316,0.007471
2009-01-30,-0.121754,0.100374,0.098274,-0.184713,0.056005,-0.53267,-0.073478,-0.046641,-0.081595,-0.469449,-0.056329,-0.041964,-0.251235,-0.120055,0.088997,-0.035768,-0.12037,-0.176736,-0.111938,-0.159472
2009-02-27,-0.034525,-0.001595,-0.066506,-0.671875,-0.009098,-0.399696,-0.121807,-0.129892,-0.02672,-0.577465,-0.043773,-0.106956,-0.272877,-0.00155,0.009602,-0.125325,-0.047953,-0.133745,-0.116147,0.044992
2009-03-31,0.06016,0.029794,0.05829,1.380952,0.177024,0.729114,0.103053,0.107561,0.150995,0.686667,0.085924,0.002945,0.188014,0.179749,0.052809,0.052,0.137461,0.106417,-0.022421,0.063617
2009-04-30,0.032937,0.137649,0.019351,0.38,0.197013,0.309384,0.084198,-0.016954,0.152057,0.205534,-0.020478,-0.020999,0.251236,0.0499,0.065229,-0.004563,0.102885,-0.01909,0.059248,-0.03263
2009-05-29,-0.032397,0.053691,0.04654,0.224638,0.079313,0.262038,-0.025532,0.018457,-0.042443,0.219672,0.141928,0.046498,0.065613,0.00507,0.035074,0.062834,0.037512,0.148952,0.050566,-0.007688
2009-06-30,0.002017,0.01045,-0.022235,-0.31361,0.048745,0.172138,-0.017467,-0.0063,0.008108,-0.201613,-0.01546,0.008075,-0.123145,0.052799,-0.017501,0.029732,0.137865,-0.012508,-0.016173,-0.026136
2009-07-31,0.072464,0.050903,0.069555,-0.433621,0.14716,0.120455,0.077778,0.048604,0.180161,0.06734,0.03855,0.006866,0.143345,0.163142,0.129381,0.072007,-0.010517,0.062,0.094912,0.029728
2009-08-31,-0.006862,0.042027,0.042784,2.449772,0.0295,0.189317,0.039691,0.016554,-0.018628,0.577287,-0.021469,-0.011649,0.037313,0.062857,0.005681,0.000657,0.053571,0.05838,-0.025221,0.025311
2009-09-30,0.036852,0.074036,-0.007112,-0.026914,0.101896,-0.037521,0.001487,0.007006,0.089815,-0.032,0.109494,-0.007809,0.188489,-0.036909,0.013215,0.007445,0.043408,-0.008982,0.070412,-0.034991
2009-10-30,-0.034432,0.081214,0.016845,-0.237815,0.016995,-0.138298,-0.019802,0.086753,-0.031011,-0.154959,-0.007263,0.0446,-0.131547,-0.023505,0.008361,-0.030218,0.078149,0.029003,0.008978,0.012019
2009-11-30,0.049474,0.087443,0.038653,-0.155265,0.060531,0.087106,0.016162,0.028482,0.025866,0.00489,0.08066,0.0533,0.123422,0.012036,0.052152,0.072481,0.065272,0.076336,0.075,0.098027
2009-12-31,0.04046,0.06343,0.061669,0.055634,0.054134,-0.049211,-0.013917,-0.013455,0.023077,-0.194647,-0.003497,-0.091648,-0.049313,0.0625,0.036011,0.024984,0.036382,0.001101,-0.027586,-0.01517
2010-01-29,-0.080271,-0.145224,0.011717,-0.191795,-0.088591,0.007968,0.155242,-0.063255,-0.061404,0.003021,-0.048246,-0.05514,0.062789,-0.04902,-0.065011,-0.024065,-0.075459,0.025838,0.022431,-0.000374
2010-02-26,-0.021688,-0.005933,0.013092,0.022286,0.06538,0.097497,0.045375,0.011925,0.082777,0.024096,-0.028203,0.015366,0.004975,0.066366,0.043468,0.010022,0.022001,-0.049839,0.028107,0.011978
2010-03-31,0.041516,0.076538,0.037276,0.37828,0.14847,0.072029,0.016694,0.048824,0.069873,0.191176,0.051593,0.030462,0.13325,0.085728,0.008572,0.034921,0.021538,-0.022792,-0.000158,0.033891
2010-04-30,0.024768,-0.073044,0.032651,0.139426,0.111021,-0.00112,-0.053161,0.073981,0.034575,0.079012,-0.028182,0.011794,0.036264,0.024675,0.005848,-0.013804,0.042595,-0.025073,-0.009929,-0.035252
2010-05-28,-0.067536,-0.076213,-0.042473,-0.090488,-0.016125,-0.117218,-0.081639,-0.084111,-0.139993,-0.093821,-0.038354,-0.101372,-0.133086,-0.055276,-0.023953,-0.084915,-0.150811,-0.078349,-0.017214,-0.05178
2010-06-30,-0.004527,-0.083767,0.004929,-0.026569,-0.020827,-0.086404,0.133037,-0.081359,-0.079879,-0.050505,-0.016342,-0.05607,-0.111927,-0.09197,-0.01421,0.013036,-0.10814,-0.06369,-0.01817,-0.049248
2010-07-30,0.089706,0.089673,0.105788,0.117015,0.022741,-0.022965,-0.025,0.123047,0.08259,0.090426,0.099561,0.045733,0.117892,0.059126,0.039844,-0.016424,0.121686,0.051893,0.027706,0.064905
2010-08-31,0.04202,-0.071837,0.00722,-0.118014,-0.055005,-0.112536,0.014316,-0.018501,-0.133723,-0.095366,0.014017,-0.002178,-0.101737,-0.13483,-0.035981,-0.009124,-0.085819,0.072667,-0.024362,-0.014602
2010-09-30,0.058084,0.16837,0.09319,0.152372,0.167215,0.052368,0.049084,0.094087,0.095822,0.054192,0.055071,0.045339,0.130525,0.086895,0.089418,0.086636,0.043682,0.079195,0.005028,0.067411
2010-10-29,0.011888,0.167196,0.058181,0.074425,0.060723,-0.126197,-0.041767,0.019124,0.043836,0.066496,0.047847,0.076064,-0.014154,0.044271,0.070523,0.028728,0.088812,0.014269,0.068064,0.012145
2010-11-30,-0.025596,-0.094492,-0.055769,-0.017139,0.03379,-0.043585,0.007544,-0.011017,-0.161855,0.007194,0.037345,0.05279,-0.01186,0.063092,-0.010376,-0.025886,-0.046784,-0.053689,-0.039327,-0.001477
2010-12-31,0.057215,0.068849,0.041667,0.395495,0.03667,0.219178,0.00208,0.126961,0.055845,0.126191,0.041159,0.051179,0.164245,-0.006026,0.037466,0.004874,0.105018,0.074233,0.053381,0.002635
2011-01-31,-0.048673,0.010758,-0.045085,-0.163168,0.051959,0.029235,0.016397,0.040329,0.045477,0.019028,-0.044397,0.103392,0.101148,0.020447,0.103843,-0.03363,-0.006628,0.040548,-0.011164,0.039681
2011-02-28,0.03125,0.02172,0.079115,-0.081536,0.040935,0.040787,0.072493,0.100495,-0.122459,-0.029046,0.017025,0.065568,0.04568,0.00891,0.003272,0.036975,-0.035528,0.066959,-0.001267,-0.072945
2011-03-31,0.078577,-0.04343,0.040993,-0.051808,-0.013314,-0.06648,-0.045697,0.036048,-0.072737,-0.055556,0.045213,-0.016369,-0.041587,-0.060084,0.007351,-0.035645,-0.044771,0.055613,-0.022998,0.008369
2011-04-29,0.030709,-0.072704,0.031118,-0.113546,0.004656,-0.07877,-0.004389,0.018141,0.021574,0.038462,0.016883,0.045763,0.01995,0.147175,0.046054,0.109198,0.020874,0.032496,0.062094,0.056292
2011-05-31,0.014139,-0.027715,0.045455,-0.085072,-0.006569,-0.04316,-0.047896,-0.034265,-0.041096,-0.103268,-0.009635,-0.04592,-0.039609,-0.019819,-0.005276,0.032562,-0.028935,0.032427,0.032357,0.011004
2011-06-30,-0.004753,-0.042796,-0.04526,0.028772,-0.03496,-0.066383,-0.022479,-0.019731,-0.070833,0.011908,0.014219,-0.025039,-0.032077,-0.015549,0.015509,-0.011443,0.039584,-0.039627,-0.051194,-0.037668
2011-07-29,-0.05476,0.192168,-0.004165,-0.021146,0.163285,-0.114051,-0.039662,0.011474,0.026906,-0.079011,0.0107,-0.019538,-0.050371,0.007671,0.060041,-0.026007,0.053846,-0.065583,-0.024461,-0.008092
2011-08-31,-0.026658,-0.103911,0.03384,-0.117422,-0.014469,-0.15757,-0.015525,-0.0423,-0.018785,-0.190141,0.035877,-0.066424,-0.089336,-0.089118,-0.050536,0.024387,-0.023358,-0.003585,0.035616,0.016031
2011-09-30,0.001405,-0.047915,0.001103,-0.133439,-0.009121,-0.250918,-0.027048,-0.063234,-0.010849,-0.17504,-0.034351,-0.018779,-0.057633,0.059861,0.017218,-0.032067,-0.064286,-0.068493,-0.007852,-0.024253
2011-10-31,0.042777,0.150668,0.027602,0.124829,0.061523,0.116013,0.095037,0.134572,0.199355,0.233262,0.011249,0.075176,0.097897,0.150223,0.055813,0.010991,0.069908,0.089367,0.02113,0.092871
2011-11-30,-0.011259,0.01139,0.041379,-0.055893,-0.055783,-0.20205,0.013254,-0.013517,0.005936,-0.129788,-0.009075,0.036112,-0.047875,0.023635,0.022315,0.013977,-0.031919,0.05244,0.009064,0.038434
2011-12-30,0.043478,0.077596,0.047752,-0.004719,0.059655,0.022059,-0.031603,0.034818,-0.030043,-0.042576,0.040756,0.053705,0.136392,-0.026495,-0.021915,0.013288,0.014855,0.078226,0.033142,0.020798
2012-01-31,-0.012897,-0.101858,-0.042159,0.082328,0.127111,0.282374,0.027624,-0.030827,0.089878,0.167617,-0.034872,-0.012034,0.044668,0.089485,0.047422,0.005032,0.137519,-0.011091,-0.047144,0.026774
2012-02-29,0.040122,0.065746,0.059859,0.16368,0.188311,0.119215,7.6e-05,0.06604,0.011962,0.084961,0.034503,0.038572,0.027258,0.02536,0.025337,-0.003945,0.081612,-0.00257,0.072652,-0.037158
2012-03-30,0.020922,0.037186,0.039203,0.055099,0.105284,0.200753,0.033629,-0.017504,0.063883,0.096939,0.066705,0.002659,0.053543,0.045945,0.060591,0.013522,0.016226,0.071953,-0.006063,0.042612
2012-04-30,0.067883,-0.056749,0.043408,0.103795,-0.025969,-0.15256,-0.009024,-0.006063,-0.043262,-0.095896,0.031212,-0.004497,-0.024415,0.009959,-0.007525,-0.013038,-0.007441,0.011261,-0.044755,-0.037418
2012-05-31,0.038286,-0.039663,-0.000621,-0.142521,-0.010702,-0.092478,-0.016142,-0.068975,-0.189779,-0.197458,-0.020833,-0.082696,-0.025026,-0.082585,-0.064371,-0.031644,-0.081993,-0.035371,-0.021213,0.124045
2012-06-29,0.043606,-0.00136,0.086052,0.099726,0.010853,0.112925,0.051283,0.073136,0.051439,0.033949,0.053125,0.088262,0.100576,0.031347,0.013893,0.082172,0.047962,0.051669,-0.016696,0.059253
2012-07-31,0.075715,0.091196,0.0411,-0.025553,0.045822,-0.10269,0.020009,0.038673,-0.066395,-0.010215,0.03338,0.014958,-0.004319,-0.035647,0.002045,0.024571,-0.036613,0.045217,0.06289,0.067556
2012-08-31,-0.033755,0.082342,-0.05588,0.097857,0.093539,0.088556,-0.006945,0.031758,0.196238,0.095466,-0.074257,0.011744,-0.001928,-0.025097,-0.001429,-0.017047,0.052596,0.001664,0.04106,-0.019246
2012-09-28,0.02893,0.101315,-0.003828,-0.044859,0.002803,0.106383,0.048515,0.03923,0.000786,0.101313,0.020989,0.047537,0.10478,-0.087596,0.064665,0.021949,-0.034393,0.041492,0.032296,0.016529
2012-10-31,-0.070822,-0.098346,-0.047619,0.065264,-0.107607,0.055493,-0.024077,-0.054215,-0.094789,0.142726,-0.019773,-0.003062,-0.072655,-0.045244,-0.06228,0.027717,-0.040995,0.000805,0.006373,0.016531
2012-11-30,-0.013299,0.026565,0.063208,-0.051532,-0.012413,0.05794,0.018617,-0.033116,0.111111,-0.075154,0.026762,-0.026983,0.003324,-0.085067,-0.018558,-0.006778,-0.05939,0.014877,0.008521,-0.039989
2012-12-31,-0.012306,0.012901,-0.057084,0.065499,-0.090738,0.178499,0.016253,0.023181,0.039101,0.144345,-0.04404,-0.018039,0.002366,0.053923,0.007787,0.005306,0.003558,0.00237,-0.027782,-0.047105
2013-01-31,0.045387,0.068294,0.071247,0.071671,-0.144094,-0.024978,0.088132,0.064823,0.046851,0.065976,0.02731,0.039515,0.061458,0.020369,0.060141,0.054494,0.027717,0.097319,0.115363,0.025209
2013-02-28,0.032193,0.060223,-0.00386,0.004758,-0.025116,-0.007067,0.046101,0.025185,0.013855,-0.004507,0.039742,0.001667,0.050718,0.003089,-0.006845,0.037879,0.021129,0.003299,0.013571,0.011866
2013-03-28,0.021721,-0.008752,0.038152,0.02131,0.002855,0.084595,0.024115,0.014255,0.001918,0.054086,0.051653,0.006253,-0.004307,0.045738,0.062092,0.071213,0.028957,0.054439,0.011552,0.06386
2013-04-30,0.033252,0.038255,0.061646,0.066976,0.000271,0.010673,0.017405,0.026847,0.009332,0.054702,0.046736,-0.012429,-0.0359,0.096863,-0.050445,0.045382,0.15714,0.007276,0.004042,0.038621
2013-05-31,-0.065937,0.056573,-0.01123,0.073395,0.022596,0.109667,0.077358,0.014261,0.152725,0.114445,-0.05528,0.023711,0.046209,0.023173,0.031747,-0.004576,0.061329,-0.05504,-0.00013,-0.031009
2013-06-28,0.011718,0.010505,-0.018559,0.005398,-0.118303,-0.057833,-0.015762,-0.035927,0.009123,-0.077323,0.010002,-0.001326,0.002573,-0.002059,-0.08129,0.019957,-0.010172,0.028645,0.002996,-0.004677
2013-07-31,0.00904,0.008383,0.002001,0.018121,0.141225,0.135303,0.031435,0.063799,0.058558,0.086929,-0.000748,0.037631,0.050884,-0.036938,0.020564,0.088982,-0.078304,0.052124,0.050805,0.046315
2013-08-30,-0.040828,-0.046015,-0.033657,0.020875,0.083389,-0.032877,-0.03939,-0.035428,-0.089097,-0.072881,-0.047405,-0.063573,-0.050472,-0.048425,-0.060603,-0.06877,0.056219,-0.034896,-0.030012,-0.057608
2013-09-30,-0.000296,0.034254,0.02804,0.048859,-0.021481,-0.021955,0.020114,0.008885,0.005191,0.003724,-0.000524,-0.01285,0.040622,0.042812,0.015965,0.00324,-0.003593,0.018256,-0.029529,0.013428
2013-10-31,0.083678,0.176582,0.083843,0.062102,0.096386,0.012319,0.015168,-0.012675,-0.029918,0.005772,0.044615,0.041609,0.094182,0.06758,-0.032239,0.068289,0.063852,0.068233,0.07622,0.037723
2013-11-29,-0.027348,0.028149,-0.006715,-0.036786,0.069673,0.132427,0.010146,0.02901,-0.058067,0.084871,0.022744,0.0501,0.019893,-0.016551,0.007924,0.029263,0.084875,0.041877,0.042972,0.055505
2013-12-31,-0.00142,0.057683,0.051109,0.028141,0.008902,-0.015171,0.018026,0.020173,0.055529,-0.015306,0.027868,0.082584,0.05964,0.088716,0.043911,-0.032432,-0.018883,-0.034668,-0.033365,-0.022837
2014-01-31,-0.039249,0.053769,-0.082574,-0.060529,-0.107697,0.075787,-0.047151,-0.106317,-0.015604,-0.089618,-0.084483,-0.089328,-0.103461,-0.054517,-0.058058,-0.034065,0.011494,-0.007509,-0.051449,-0.050959
2014-02-28,-0.041717,0.029366,0.029529,0.03774,0.057311,-0.013134,0.024754,0.042103,-0.005021,0.0253,0.010048,0.051432,0.022284,0.018134,0.05343,0.048717,0.01982,0.064803,0.026625,0.000268
2014-03-31,0.09834,-0.083198,0.045505,0.007334,0.019953,0.041137,0.078535,0.031041,0.028211,-0.02118,0.020026,0.014646,0.01649,0.042569,0.039531,0.066327,0.069956,0.000311,0.024663,0.029585
2014-04-30,0.031081,-0.04164,0.0716,0.062388,0.099396,-0.119767,0.031625,0.055588,0.039482,0.006513,0.055096,0.048423,0.038625,0.033935,0.020676,0.031151,-0.014394,-0.026152,0.032179,0.042915
2014-05-30,-0.006443,0.068744,0.036151,0.017692,0.078293,0.0,-0.006597,-0.013225,0.06534,-0.006888,0.002942,-0.01162,-0.003719,0.032034,-0.056039,0.008589,0.020297,-0.044437,-0.02132,-0.030862
2014-06-30,-0.003101,0.022776,0.020693,0.011744,0.027662,0.015852,-0.010935,0.063197,0.009342,-0.00988,0.042899,0.001492,-0.010825,0.13104,-0.016761,0.031145,0.018564,0.001688,-0.027231,-0.022144
2014-07-31,0.019514,-0.008757,-0.03195,-0.047637,0.028731,-0.007807,-0.009355,-0.010034,0.022938,0.038641,-0.072474,-0.017282,-0.042999,0.096764,0.057373,-0.0433,0.035012,-0.024259,-0.00797,-0.019848
2014-08-29,-0.017702,0.004849,0.061084,0.078492,0.077092,0.055082,0.094385,0.009904,-0.009512,0.056021,0.061848,0.01223,0.033002,0.037032,0.009026,0.043361,0.059082,0.024042,0.074884,0.032618
2014-09-30,0.008009,0.010389,0.078459,-0.03416,-0.017073,0.062772,0.004954,-0.078254,0.014806,0.003291,0.029842,-0.054394,-0.005389,-0.002864,-0.012845,0.027572,0.020471,0.006125,0.00758,0.012848
2014-10-31,0.001703,-0.034908,0.052242,-0.00833,0.07196,0.006452,0.014983,0.00528,-0.027811,0.033192,-0.018284,0.028283,0.007416,-0.023263,-0.133962,0.011164,0.012726,0.012851,0.04984,-0.002615
2014-11-28,0.015499,-0.033089,0.039719,0.022961,0.105556,-0.006993,0.062214,-0.083451,0.129546,0.00822,0.077722,-0.056664,0.026346,0.101882,-0.006873,0.010855,0.02492,0.048748,0.03621,0.147765
2014-12-31,-0.050594,-0.033547,-0.009351,0.024361,-0.071891,0.052817,0.013158,0.030403,0.006331,0.002594,-0.05822,0.021096,-0.037373,-0.025772,-0.010668,-0.033995,-0.028446,0.0,0.007298,-0.01348
2015-01-30,-0.005954,0.012984,0.077735,-0.127477,0.061424,-0.153158,-0.044845,-0.086022,-0.045299,-0.132138,-0.02487,-0.054408,-0.05461,-0.089556,-0.04444,-0.042364,-0.130248,0.00321,-0.067586,-0.01048
2015-02-27,0.049818,0.046656,0.060075,0.132188,0.100461,0.043564,0.024622,0.050912,0.119287,0.116507,0.051737,0.020705,0.09753,0.01362,0.063466,0.030657,0.093069,0.1072,0.009966,-0.012356
2015-03-31,-0.055266,-0.014095,-0.10215,-0.0075,-0.031372,-0.023403,-0.016638,-0.015935,-0.060149,-0.017169,-0.055889,-0.039982,-0.045402,-0.059549,-0.008892,-0.018632,-0.072862,0.013695,-0.037472,-0.014178
2015-04-30,0.075344,-0.01069,0.0006,0.027377,0.005786,0.035088,-0.018851,0.057916,0.047411,0.034938,0.000247,0.027882,0.091495,0.040934,0.067227,-0.013917,0.196409,-0.02472,-0.021566,-0.051064
2015-05-29,-0.002887,-0.006287,0.022977,0.041215,0.045146,0.035782,0.00656,-0.062939,0.016649,0.015191,0.009862,-0.016482,0.007016,0.066052,-0.001985,0.017036,-0.030222,0.03242,-0.014086,-0.042153
2015-06-30,0.028373,-0.009682,-0.03457,0.056902,-0.037266,0.034545,-0.046322,-0.063398,-0.063118,0.02145,-0.03418,-0.023474,-0.017235,-0.117382,-0.041202,-0.026763,-0.057832,-0.035108,-0.001914,-0.044971
2015-07-31,-0.008727,0.217502,0.111838,0.037205,-0.032888,0.050529,0.044667,-0.082824,0.042607,0.059196,0.047158,-0.047957,-0.017689,-0.048167,-0.004119,0.028217,0.057758,0.075455,-0.01121,0.014803
2015-08-31,-0.044329,-0.014722,-0.014711,-0.058952,-0.066117,-0.08613,-0.053593,-0.072559,-0.089374,-0.085186,-0.042843,-0.040904,-0.049042,-0.005872,-0.079017,-0.054685,-0.061456,-0.098724,-0.078618,-0.093915
2015-09-30,-0.018675,-0.014587,0.025849,-0.053696,-0.021816,-0.043452,-0.035999,-0.026053,0.014297,-0.072363,0.028739,-0.011829,0.025383,0.056062,-0.019744,-0.006704,0.017004,-0.02514,0.017971,0.001699
2015-10-30,0.042971,0.155114,0.111581,0.109821,0.083409,0.077022,0.047921,0.15213,0.107048,0.072768,0.055583,0.112845,0.146709,0.123424,-0.033731,0.082271,0.189336,0.076727,0.070933,-0.117212
2015-11-30,0.004775,0.034527,-0.047462,0.008246,-0.00569,0.038737,-0.015817,0.016615,-0.055459,0.017303,0.014168,-0.00423,0.03527,0.033963,0.004569,0.009502,0.039324,-0.022768,-0.020162,0.027952
2015-12-31,0.021978,0.019873,0.020399,-0.020919,-0.110228,-0.031555,-0.01768,-0.014893,-0.003486,-0.043261,0.007977,-0.045432,0.048096,-0.009203,-0.012911,0.014619,0.020791,-0.014953,0.061064,0.050136
2016-01-29,0.061901,-0.021414,0.04982,-0.088591,-0.075242,-0.159834,-0.017391,-0.038795,-0.116185,-0.176232,-0.000931,-0.001283,-0.065811,-0.099565,-0.093228,0.016745,-0.00703,-0.055452,0.03706,0.082545
2016-02-29,0.024681,-0.057963,0.007527,-0.11119,-0.001335,-0.114569,0.042164,-0.022667,0.100462,-0.0876,0.004893,0.038921,0.009278,-0.037718,0.060421,0.014554,-0.069886,-0.017055,-0.017138,-0.000301
2016-03-31,0.060081,0.06369,0.02688,0.083068,0.127211,0.083866,0.053788,0.143337,0.087471,0.074646,0.0837,0.042919,0.09094,0.093275,0.155842,0.028419,0.085495,-0.001011,0.025159,0.039946
2016-04-29,0.003319,-0.07212,0.000798,0.032747,-0.139921,0.076923,0.026001,0.071069,-0.02529,0.109701,-0.034275,0.057543,-0.032715,-0.063988,-0.036382,0.03586,-0.097049,0.103576,-0.018473,-0.023653
2016-05-31,0.008501,0.057877,0.01483,0.036904,0.071368,0.015797,-0.033356,-0.001077,0.056748,0.006266,-0.004464,0.015498,-0.016911,0.051849,0.06304,0.01258,0.069982,0.070009,0.011483,0.065949
2016-06-30,0.103704,-0.060519,0.092473,-0.080684,-0.04266,-0.099391,0.024942,0.037921,-0.012392,-0.089757,0.024215,0.053022,0.048958,0.038303,-0.012749,0.076404,-0.034528,0.014697,0.044793,0.031647
2016-07-29,0.01296,0.124813,-0.018271,0.029306,0.090063,0.091937,-0.004494,-0.022417,0.073196,0.037273,-0.037503,-0.051099,-0.010801,0.062805,0.058242,0.032399,0.10768,0.047714,0.018773,-0.000685
2016-08-31,-0.055671,-0.001883,-0.023781,0.099008,0.023606,0.119048,0.045185,-0.008099,0.029807,0.089706,-0.004584,-0.011917,0.003211,0.037005,-0.002117,-0.040645,0.020113,-0.048523,0.020096,-0.014115
2016-09-30,-0.006605,0.017991,-0.034044,-0.002841,0.065504,-0.030359,-0.042257,0.023265,0.008906,-0.010683,-0.017499,0.001607,-0.044494,0.051825,-0.000189,-0.010139,0.002436,-0.026724,0.027946,0.009518
2016-10-31,-0.082246,0.007263,0.045706,0.039771,0.004334,0.054313,-0.002405,0.017781,-0.02459,0.040652,0.00189,-0.045371,-0.017556,-0.076291,-0.032483,-0.018116,0.040278,-0.063773,-0.025409,-0.029118
2016-11-30,0.050014,-0.042005,-0.033122,0.026418,-0.021578,0.284546,0.098748,0.075322,-0.028031,0.150559,-0.040094,0.056769,0.057045,0.002581,0.064611,-0.033537,0.012183,0.023021,-0.05,0.005856
2016-12-30,0.100958,0.021356,0.067261,0.036318,0.047955,0.046401,0.030046,0.055038,0.013414,0.05391,0.027509,0.033906,0.035111,0.045245,0.02324,0.03513,0.031198,0.010579,0.019646,-0.011501
2017-01-31,0.002822,0.035005,0.052647,-0.016077,0.047746,0.024434,0.007617,-0.053951,0.025149,-0.060575,0.002653,-0.070574,-0.060127,0.015164,0.051389,-0.017012,0.040393,-0.023091,0.049828,-0.034433
2017-02-28,-0.008776,0.030164,0.052543,-0.005291,0.133581,0.090106,0.045205,0.020027,0.11263,0.074154,0.009382,-0.021695,0.011784,-0.009777,0.038391,0.086181,-0.004331,0.085408,0.039612,0.062781
2017-03-31,-0.005743,0.003397,-0.038574,-0.018304,0.04869,-0.041126,-0.028199,-0.0456,-0.011118,0.000167,0.020257,0.008485,-0.000335,-0.003591,-0.031587,0.019147,0.029384,0.002638,-0.013396,0.023403
2017-04-28,-0.034416,0.090493,0.005041,-0.024347,-7e-05,-0.010598,-0.008285,-0.00624,0.016568,-0.009027,0.01673,-0.00439,-0.027181,0.002218,-0.079534,-0.008671,0.039478,-0.008477,-0.020372,0.043008
2017-05-31,-0.027757,0.067678,0.050989,0.044656,0.067804,-0.036632,0.002664,-0.020056,-0.074552,0.024019,0.053766,-0.004654,-0.055536,0.006432,-0.03843,0.045517,0.025854,-0.028007,0.008703,0.052275
2017-06-30,-0.020763,-0.058161,-0.004772,-0.012416,-0.057214,0.082552,0.025197,0.008214,-0.007295,0.104724,-0.005498,0.002857,-0.004748,-0.065633,0.007862,0.031501,-0.01303,0.02879,-0.010671,-0.03715
2017-07-31,0.046647,0.017017,-0.127568,0.046865,0.032704,-0.005771,0.031747,0.046583,0.014058,0.023475,0.022074,-0.008547,-0.051833,0.051274,-0.059546,0.00325,0.054693,-0.012801,0.050024,0.05695
2017-08-31,-0.039487,0.010301,-0.024165,-0.075936,0.106905,-0.004561,0.03297,-0.004488,0.024165,-0.001461,-0.006326,-0.036732,-0.04139,-0.003595,-0.000968,0.003692,0.033838,0.032569,0.015966,-0.017627
2017-09-29,0.045649,0.019346,0.010725,0.020337,-0.060244,0.060695,0.01212,0.091804,0.044086,0.069234,-0.003732,0.074021,-0.005295,0.085828,0.014333,-0.017829,-0.003745,0.052476,-0.013981,0.000897
2017-10-31,-0.128415,0.060921,0.012614,0.052452,0.096808,0.0809,0.020856,-0.013702,0.024086,0.010448,0.021551,0.016711,-0.166253,0.19459,0.061897,0.072302,0.11666,-0.017927,-0.043421,0.117353
2017-11-30,0.081129,0.00303,0.056213,-0.07197,0.02035,0.032859,0.039327,0.036069,0.09224,0.031565,0.00348,0.008518,-0.092758,-0.008299,0.009152,0.005452,0.016951,0.043354,0.042275,0.113618
2017-12-29,0.068719,0.016629,0.062509,-0.001001,-0.015246,0.047923,0.020926,0.052105,0.02681,-0.014437,0.002403,0.004202,-0.039366,0.029438,-0.003572,0.002799,0.016277,-0.001103,0.021002,0.020878
2018-01-31,-0.02392,0.12229,-0.014984,0.072843,-0.010636,0.084011,0.08661,0.001278,0.092167,0.054697,0.037271,0.043759,-0.073352,0.042894,0.067006,-0.01095,0.110708,0.022639,-0.052791,0.079494
2018-02-28,-0.030708,-0.066231,-0.105061,-0.102941,0.06761,0.003125,-0.040588,-0.098205,0.077997,-0.034021,-0.091826,-0.123597,-0.119975,0.030121,-0.038913,-0.054056,-0.008631,-0.010529,-0.090572,-0.155628
2018-03-29,-0.017906,-0.060494,0.001112,-0.045344,-0.058051,-0.061994,-0.035939,0.018942,-0.042206,-0.105842,0.013882,-0.014919,-0.044649,0.056604,-0.015401,-0.01332,-0.026661,-0.022583,0.009679,-0.005777
2018-04-30,-0.068724,-0.017895,-0.099647,0.029033,-0.01502,-0.002334,-0.028251,0.097071,0.040336,0.011407,-0.005066,0.042086,0.043769,-0.008833,-0.055204,-0.012954,0.024652,0.031558,-0.078491,-0.005732
2018-05-31,-0.011621,0.079935,-0.006594,-0.057321,0.135181,-0.025401,-0.01187,0.002478,-0.035674,-0.018456,-0.00486,0.055434,0.000711,0.075165,-0.014349,-0.047197,0.061377,-0.009287,0.011474,-0.061045
2018-06-29,-0.006497,0.026536,0.031396,0.010419,-0.009418,-0.02927,-0.017967,0.017136,0.007492,0.003449,0.02907,0.018341,-0.024858,-0.099457,-0.011393,0.014379,-0.002327,0.009741,0.066831,0.037679
2018-07-31,0.011211,0.086814,0.03328,0.041305,0.027983,0.095424,0.069175,-0.001266,-0.009528,0.074268,0.063156,-0.014747,0.00147,-0.032388,0.037437,0.092138,0.075753,0.100606,0.045314,0.041798
2018-08-31,-0.000938,0.003732,-0.002727,-0.03695,0.200063,0.001619,0.047256,-0.052982,0.129581,-0.002782,-0.044178,-0.00638,-0.050624,0.013098,0.021528,0.023166,0.062877,0.048335,0.025593,0.08013
2018-09-28,0.051346,-0.020068,0.044258,0.007335,-0.008303,-0.042677,0.0133,0.032247,0.018422,0.007019,0.045098,0.060496,-0.118238,-0.023539,0.032291,0.025837,0.018161,0.061416,0.003376,-0.020342
2018-10-31,-0.071471,-0.096514,0.078428,-0.224455,-0.030478,-0.066531,-0.038422,-0.086932,-0.052826,-0.087538,0.036588,-0.062809,-0.105403,-0.00867,-0.236625,0.013172,-0.066101,-0.022918,0.074098,0.067831
2018-11-30,0.018253,0.017486,-0.15698,0.047469,-0.180709,0.032727,0.059456,0.075325,0.046339,-0.003361,0.060777,0.008032,-0.257426,0.058234,0.090184,0.05579,0.042505,0.081514,0.065742,-0.026227
2018-12-31,-0.086428,-0.058298,-0.084625,-0.081387,-0.116698,-0.127113,-0.06135,-0.085337,-0.09484,-0.196481,-0.060516,-0.142264,0.010667,-0.048266,-0.085298,-0.121511,-0.084047,-0.055808,-0.027405,-0.040758
2019-01-31,0.071128,0.077448,-0.00081,0.09693,0.055154,0.155438,0.017974,0.053865,0.099008,0.238187,0.016473,0.074644,0.34214,0.004049,0.182546,0.031228,0.028158,-0.019244,0.057302,0.028771
2019-02-28,0.035263,0.000586,0.062006,-0.000694,0.044701,0.026695,-0.029856,0.05338,0.094735,-0.000465,-0.057968,0.089656,0.061736,0.130624,0.03928,0.033514,0.077181,0.021201,0.021561,0.032975
2019-03-29,0.007712,0.044685,0.111048,0.004167,0.097026,-0.051238,-0.003259,0.030105,0.042882,-0.027509,0.042347,0.022397,-0.037536,0.013973,0.021501,0.023053,0.052754,-0.0203,0.055809,-0.009395
2019-04-30,0.003508,0.018753,-0.053979,0.104738,0.056436,0.108373,0.079229,-0.025329,0.042786,0.136291,0.046948,-0.006436,0.018018,-0.049534,-0.005882,0.010087,0.107343,-0.043796,0.030523,0.054445
2019-05-31,-0.012274,-0.077117,-0.097,0.073576,-0.123735,-0.13015,-0.086194,-0.041812,-0.070063,-0.114569,0.001427,-0.107623,-0.07178,-0.130976,-0.083125,-0.064448,-0.049464,0.031273,-0.033527,-0.00846
2019-06-28,0.095814,-0.021419,-0.018549,0.04954,0.130519,0.095865,0.071669,0.093017,0.051893,0.12679,0.044576,0.082803,0.113348,0.086966,0.085912,0.06199,0.083118,0.043353,0.065494,0.089215
2019-07-31,0.031334,0.125046,-0.005913,0.050863,0.076394,0.057931,-0.030419,-0.010688,0.018637,0.016136,0.033582,-0.029623,-0.004762,0.055985,0.074982,-0.065049,0.017244,-0.103416,0.083319,-0.000996
2019-08-30,0.035536,-0.022714,-0.070746,-0.070548,-0.01657,-0.103325,-0.018104,-0.034116,-0.155054,-0.088533,0.045791,-0.067375,-0.210526,-0.055885,-0.074811,-0.006988,0.015044,-0.075438,0.018553,0.039953
2019-09-30,0.073171,0.025711,-0.045725,0.07648,0.072962,0.066885,0.028884,0.007475,0.055544,0.073504,-0.003634,0.031104,0.084848,0.086901,0.072973,0.007946,0.008487,0.010689,0.034517,0.038684
2019-10-31,0.030655,0.03084,0.09511,-0.049192,0.110684,0.071992,0.022791,-0.020742,-0.03137,0.040243,-0.000184,-0.043053,0.116331,0.097031,-0.080388,0.02056,0.031216,0.06791,0.007042,-0.011965
2019-11-29,-0.028839,0.035979,0.109623,-0.005665,0.077424,0.065558,0.036233,0.01877,-0.046306,0.052463,-0.011574,0.021163,0.129259,0.032461,0.017498,0.04847,0.059427,0.013292,-0.019677,0.015606
2019-12-31,0.045479,0.027069,0.021127,-0.01918,0.098784,0.062425,0.027519,0.028857,0.058486,0.063498,0.036517,0.024218,-0.008873,0.031008,-0.003049,0.06095,0.041749,0.017134,0.023267,0.002351
2020-01-31,-0.024053,0.069726,-0.047686,-0.020846,0.05401,-0.067859,-0.010583,-0.110945,-0.034195,-0.06221,0.055104,-0.109774,0.115591,0.06817,0.072292,0.020566,0.079455,-0.039816,0.00373,-0.036604
2020-02-28,-0.063796,-0.065279,-0.150642,-0.161162,-0.11431,-0.131892,-0.08006,-0.116763,-0.13139,-0.147158,-0.084075,-0.15792,-0.126104,-0.126388,-0.083212,-0.09028,-0.045292,-0.102578,-0.091398,-0.059481
2020-03-31,-0.172345,-0.132388,-0.021303,-0.41722,-0.069761,-0.248772,-0.120014,-0.223698,-0.015527,-0.336275,-0.165078,-0.261858,-0.269301,-0.025216,-0.147676,-0.024911,-0.026541,-0.023339,-0.028526,0.060178
2020-04-30,0.063122,0.159,0.014999,0.04866,0.155374,0.132831,0.035662,0.269666,0.087255,0.152897,0.037062,0.223861,-0.143577,0.108278,0.131885,0.144208,0.136326,0.175245,0.078734,0.069794
2020-05-29,0.0128,0.064469,-0.005096,0.182068,0.084956,0.002911,-0.010863,0.010761,0.128362,-0.002883,0.017215,-0.002798,-0.033824,0.054685,0.007725,-0.001866,0.025389,0.005474,-0.016544,0.025093
2020-06-30,-0.020415,-0.010792,0.026633,0.047904,0.147386,-0.007877,-0.040698,-0.026936,-0.024676,0.066583,-0.034062,-0.016494,0.041096,-0.049261,-0.033066,-0.054588,0.110559,-0.143755,0.031487,-0.034499
2020-07-31,-0.0043,0.049293,0.048408,0.030789,0.165132,0.047579,0.098507,-0.059285,0.017581,-0.01135,0.057296,-0.059034,-0.111274,-0.20224,0.017968,0.036479,0.007371,0.188379,0.103209,0.080314
2020-08-31,0.007776,0.095151,0.06294,-0.093342,0.216309,0.034566,0.11555,0.015249,-0.103609,0.022196,0.048476,-0.030181,0.044481,0.074377,0.016268,0.059413,0.10258,-0.017931,0.054988,0.077203
2020-09-30,-0.04361,-0.1006,-0.096936,-0.044269,-0.102526,-0.05711,-0.023077,-0.142142,-0.06703,-0.15669,0.005047,-0.140461,-0.015773,0.01629,-0.0133,-0.029529,-0.067397,-0.028844,0.004771,0.007634
2020-10-30,-0.034023,0.102695,-0.066253,0.143843,-0.060012,-0.016189,-0.05469,-0.034722,-0.079462,-0.027372,-0.026534,-0.049811,0.191011,-0.144844,-0.082272,-0.079057,-0.03737,-0.033243,-0.007909,-0.008291
2020-11-30,0.064027,0.08557,0.103936,0.220705,0.09549,0.188186,0.136159,0.27295,0.198329,0.329551,0.082189,0.195586,0.371968,0.099368,0.120813,0.062577,0.060058,0.140506,0.01291,0.101189
2020-12-31,0.000348,-0.001003,0.050967,-0.006764,0.114574,0.082741,0.012008,-0.031315,0.040214,0.119666,0.062791,0.081039,0.061886,0.030403,0.019106,0.08778,0.039006,-0.039154,0.001944,-0.053014
2021-01-29,0.01356,0.042633,0.001951,-0.011094,-0.005502,-0.021775,-0.010681,0.008881,0.004246,-0.051249,-0.121991,0.087821,-0.011111,0.114211,-0.053781,0.036536,0.042892,-0.014127,-0.072871,-0.02539
2021-02-26,-0.025847,0.106465,0.061344,0.173878,-0.079532,0.170658,0.059518,0.18885,0.006505,0.136058,0.017445,0.231936,0.174157,0.101198,0.012174,-0.022436,0.004225,-0.067131,-0.036503,-0.075237
2021-03-31,0.085335,0.020085,0.193119,0.058703,0.00734,0.11985,0.057935,0.0479,0.15244,0.104281,0.084507,0.026853,0.047847,0.052978,0.120491,0.03717,0.014588,0.081815,0.096333,0.049723
2021-04-30,0.05484,0.14108,-0.066654,0.048474,0.076218,0.047558,0.069479,-0.016414,-0.008316,-0.013746,0.024094,0.025255,-0.000762,-0.101094,0.064686,-0.009857,0.069602,0.066796,-0.008419,0.030038
2021-05-28,-0.063037,0.001423,0.030785,0.090609,-0.050434,0.045892,0.05697,0.019986,0.039089,0.104857,0.024268,0.034941,0.071646,-0.001086,0.024669,0.04658,-0.007693,0.01216,0.010718,0.019084
2021-06-30,-0.022086,0.03604,-0.013816,-0.093111,0.099109,-0.023119,-0.039906,0.009153,0.00189,-0.101131,-0.013746,0.080692,-0.041963,-0.017157,0.019827,-0.026647,0.084989,0.011103,0.000593,-0.007111
2021-07-30,-0.007297,0.103506,0.00755,-0.005252,0.064982,-0.069609,0.000714,-0.027974,0.051698,-0.037032,0.053964,-0.087349,-0.03789,-0.043106,-0.038406,0.045283,0.051717,0.103167,0.060548,0.01085
2021-08-31,-0.02246,0.074009,0.045587,0.15227,0.042438,0.088373,0.026259,-0.036342,0.06592,0.063443,-0.012625,-0.037867,0.017471,0.012798,0.007236,0.011556,0.061528,0.07615,0.001125,0.042792
2021-09-30,-0.014953,-0.076169,-0.075851,0.011913,-0.068037,0.021796,-0.043082,0.048362,-0.07777,-0.024058,-0.060735,0.07887,-0.02182,-0.014428,-0.010047,-0.067175,-0.066119,-0.066421,-0.018189,-0.058879
2021-10-29,-0.045539,0.107499,-0.030975,0.076517,0.058657,0.125559,0.052319,0.128536,0.035091,-0.007267,0.074328,0.096056,0.017859,-0.08033,-0.099546,0.008545,0.176291,0.016973,0.02904,0.072033
2021-11-30,-0.0962,-0.041531,-0.033326,-0.109832,0.10494,-0.069276,-0.03702,-0.002446,-0.020189,-0.078947,-0.06209,-0.058167,-0.094212,0.011173,-0.009401,-0.036162,-0.001236,0.237311,0.01112,-0.058827
2021-12-31,0.07753,0.020821,0.132505,0.087072,0.074229,0.005172,0.081046,0.039692,0.155543,-0.051962,0.128885,0.02256,-0.004632,0.046748,0.141418,0.097095,0.017333,0.099014,0.131415,0.032781
2022-01-31,0.057724,-0.065919,0.073644,0.015652,-0.015712,0.037087,0.042478,0.119131,-0.11567,0.078324,0.0304,0.241379,0.000106,-0.052039,-0.000673,0.007132,-0.075345,-0.100931,-0.013817,-0.033727
2022-02-28,-0.07098,-0.001822,0.008058,0.060433,-0.054011,-0.042046,0.013623,0.107287,0.001796,-0.082617,0.020161,0.04397,0.010902,-0.015465,-0.070525,-0.038656,-0.037205,-0.109129,-0.02842,-0.033259
2022-03-31,-0.002533,0.029695,0.036264,0.030209,0.057473,-0.06267,0.1107,0.130764,-0.000179,-0.09843,0.003213,0.053175,-0.041148,0.038994,0.061301,0.076928,0.031862,0.102897,-0.019822,0.105948
2022-04-29,0.057207,-0.179467,0.063541,-0.067867,-0.097131,-0.134401,-0.084287,-0.037831,-0.114778,-0.08764,0.042097,0.032207,-0.185246,-0.12046,0.016844,0.018225,-0.099867,-0.052154,0.056697,0.02733
2022-05-31,0.128844,-0.003045,-0.026633,0.002906,-0.054424,0.042601,-0.021245,0.123891,-0.080237,0.107861,-0.019037,0.136422,0.050168,0.027414,0.062628,0.001108,-0.018125,0.089056,-0.078916,-0.155566
2022-06-30,-0.0155,-0.042185,-0.21113,-0.123211,-0.08143,-0.157527,-0.137327,-0.171075,-0.053496,-0.138925,-0.000473,-0.107917,-0.18572,-0.157812,0.016926,-0.011252,-0.055321,-0.011501,-0.027658,-0.054808
2022-07-29,-0.090768,0.067518,0.050036,0.012517,0.188634,0.086091,0.104536,0.131234,0.072936,0.139596,0.020029,0.131831,0.160829,-0.029404,-0.07366,-0.016844,0.093097,-0.028991,-0.027587,0.086116
2022-08-31,-0.066028,-0.069635,0.028728,-0.000386,-0.031137,-0.005915,-0.067284,-0.026255,-0.014327,-0.059538,-0.038336,-0.004746,-0.006359,-0.110851,-0.005276,-0.069047,-0.066432,-0.104534,-0.006983,0.008027
2022-09-30,-0.125428,-0.116152,-0.08422,-0.076329,-0.120977,-0.094912,-0.035219,-0.091041,-0.105546,-0.146282,-0.085075,-0.08662,-0.15591,-0.192669,-0.075049,0.01252,-0.109267,-0.032501,-0.084747,-0.021501
2022-10-31,0.206486,-0.011918,0.145864,0.200505,0.109551,0.193377,0.094915,0.259135,0.14525,0.100552,0.068368,0.269156,0.256824,0.103221,0.163959,0.064949,-0.003306,0.063757,0.073927,0.097379
2022-11-30,0.057597,0.068564,0.0067,0.107193,-0.033129,0.050222,0.07916,0.021172,0.094431,0.066725,0.070175,0.012995,0.104871,0.070524,0.088654,0.02966,0.102055,0.0855,0.107596,0.070892
2022-12-30,-0.045125,-0.126349,0.001503,0.00713,-0.122273,-0.119155,-0.024088,-0.020839,-0.041834,-0.065689,0.0,-0.009341,-0.024427,-0.121051,-0.053794,-0.007584,-0.060045,0.022142,0.01609,-0.066067
